timestamp,suhu,kelembapan,cahaya,gas
2026-10-10 12:28:34,33.0,50.0,1893.0,362.0
2026-10-10 12:28:44,33.0,49.0,1894.0,354.0
2026-10-10 12:28:54,33.0,49.0,1872.0,346.0
2026-10-10 12:29:04,33.0,49.0,1873.0,339.0
2026-10-10 12:29:14,33.0,49.0,1888.0,343.0
2026-10-10 12:29:24,33.0,49.0,1939.0,343.0
2026-10-10 12:29:34,33.0,49.0,2071.0,345.0
2026-10-10 12:29:45,33.0,49.0,1995.0,341.0
2026-10-10 12:29:55,33.0,48.0,1965.0,336.0
2026-10-10 12:30:05,33.0,48.0,1975.0,336.0
2026-10-10 12:30:15,33.0,48.0,2046.0,393.0
2026-10-10 12:30:25,33.0,48.0,2058.0,336.0
2026-10-10 12:30:35,33.0,48.0,2061.0,337.0
2026-10-10 12:30:45,33.0,48.0,2039.0,336.0
2026-10-10 12:30:55,33.0,48.0,2064.0,336.0
2026-10-10 12:31:05,33.0,48.0,2059.0,336.0
2026-10-10 12:31:15,33.0,48.0,2055.0,333.0
2026-10-10 12:31:26,33.0,48.0,2064.0,335.0
2026-10-10 12:31:36,33.0,48.0,2047.0,336.0
2026-10-10 12:31:46,33.0,48.0,2133.0,333.0
2026-10-10 12:31:56,33.0,48.0,2144.0,332.0
2026-10-10 12:32:06,33.0,48.0,2160.0,328.0
2026-10-10 12:32:16,33.0,48.0,2143.0,337.0
2026-10-10 12:32:26,33.0,47.0,2131.0,336.0
2026-10-10 12:32:36,33.0,47.0,2156.0,336.0
2026-10-10 12:32:46,33.0,47.0,2160.0,329.0
2026-10-10 12:32:56,33.0,47.0,2163.0,336.0
2026-10-10 12:33:07,34.0,47.0,2067.0,335.0
2026-10-10 12:33:17,34.0,47.0,1771.0,332.0
2026-10-10 12:33:27,34.0,47.0,1770.0,326.0
2026-10-10 12:33:37,34.0,47.0,1764.0,326.0
2026-10-10 12:33:47,34.0,47.0,1765.0,331.0
2026-10-10 12:33:57,34.0,47.0,1765.0,331.0
2026-10-10 12:34:07,34.0,47.0,1765.0,336.0
2026-10-10 12:34:17,34.0,47.0,1763.0,331.0
2026-10-10 12:34:27,34.0,46.0,1759.0,336.0
2026-10-10 12:34:37,34.0,46.0,1757.0,335.0
2026-10-10 12:34:47,34.0,46.0,1795.0,329.0
2026-10-10 12:34:58,34.0,46.0,1766.0,327.0
2026-10-10 12:35:08,34.0,46.0,1760.0,331.0
2026-10-10 12:35:18,34.0,46.0,1761.0,304.0
2026-10-10 12:35:28,34.0,46.0,1763.0,321.0
2026-10-10 12:35:38,34.0,46.0,1760.0,333.0
2026-10-10 12:35:48,34.0,46.0,1853.0,330.0
2026-10-10 12:35:58,34.0,46.0,2135.0,331.0
2026-10-10 12:36:08,34.0,46.0,2135.0,333.0
2026-10-10 12:36:18,34.0,46.0,2112.0,334.0
2026-10-10 12:36:28,34.0,46.0,1974.0,333.0
2026-10-10 12:36:39,34.0,46.0,2021.0,334.0
2026-10-10 12:36:49,34.0,46.0,1966.0,319.0
2026-10-10 12:36:59,34.0,46.0,1982.0,326.0
2026-10-10 12:37:09,34.0,46.0,1963.0,333.0
2026-10-10 12:37:19,34.0,46.0,1955.0,336.0
2026-10-10 12:37:29,34.0,46.0,1931.0,327.0
2026-10-10 12:37:39,34.0,46.0,1929.0,334.0
2026-10-10 12:37:49,34.0,46.0,1894.0,333.0
2026-10-10 12:37:59,34.0,46.0,1851.0,333.0
2026-10-10 12:38:09,34.0,46.0,1860.0,325.0
2026-10-10 12:38:20,34.0,46.0,1860.0,334.0
2026-10-10 12:38:30,34.0,46.0,1856.0,329.0
2026-10-10 12:38:40,34.0,46.0,1926.0,336.0
2026-10-10 12:38:50,34.0,46.0,1924.0,335.0
2026-10-10 12:39:00,34.0,46.0,1921.0,333.0
2026-10-10 12:39:10,34.0,46.0,1866.0,336.0
2026-10-10 12:39:20,34.0,46.0,1854.0,335.0
2026-10-10 12:39:30,34.0,46.0,1859.0,333.0
2026-10-10 12:39:41,34.0,46.0,1895.0,323.0
2026-10-10 12:39:51,34.0,46.0,1904.0,327.0
2026-10-10 12:40:01,34.0,46.0,1899.0,326.0
2026-10-10 12:40:11,34.0,46.0,1885.0,330.0
2026-10-10 12:40:21,34.0,46.0,1904.0,329.0
2026-10-10 12:40:31,34.0,46.0,1868.0,328.0
2026-10-10 12:40:41,34.0,46.0,1990.0,327.0
2026-10-10 12:40:51,34.0,46.0,2000.0,330.0
2026-10-10 12:41:01,34.0,46.0,2002.0,329.0
2026-10-10 12:41:12,34.0,46.0,1952.0,331.0
2026-10-10 12:41:22,34.0,45.0,1904.0,338.0
2026-10-10 12:41:32,34.0,45.0,1895.0,332.0
2026-10-10 12:41:42,34.0,45.0,1872.0,333.0
2026-10-10 12:41:52,34.0,45.0,1808.0,327.0
2026-10-10 12:42:02,34.0,45.0,1808.0,330.0
2026-10-10 12:42:12,34.0,45.0,1803.0,330.0
2026-10-10 12:42:22,34.0,45.0,1815.0,332.0
2026-10-10 12:42:32,34.0,45.0,2175.0,325.0
2026-10-10 12:42:43,34.0,45.0,1680.0,327.0
2026-10-10 12:42:53,34.0,45.0,1680.0,331.0
2026-10-10 12:43:03,34.0,45.0,1677.0,325.0
2026-10-10 12:43:13,34.0,45.0,1680.0,320.0
2026-10-10 12:43:23,34.0,45.0,1681.0,333.0
2026-10-10 12:43:33,34.0,45.0,1747.0,328.0
2026-10-10 12:43:43,34.0,45.0,1897.0,324.0
2026-10-10 12:43:53,34.0,45.0,1929.0,329.0
2026-10-10 12:44:03,34.0,45.0,1931.0,323.0
2026-10-10 12:44:14,34.0,45.0,1936.0,330.0
2026-10-10 12:44:24,34.0,45.0,1906.0,326.0
2026-10-10 12:44:34,34.0,45.0,2013.0,323.0
2026-10-10 12:44:44,34.0,45.0,1901.0,327.0
2026-10-10 12:44:54,34.0,45.0,1961.0,329.0
2026-10-10 12:45:04,34.0,45.0,1973.0,276.0
2026-10-10 12:45:14,34.0,45.0,1921.0,332.0
